month,ucsd_campus_mwh,san_diego_county_mwh
2018-01-01,24680.665948,1591604.702500
2018-02-01,22210.177385,1478047.961351
2018-03-01,24282.924967,1472010.873707
2018-04-01,23961.902655,1465550.636944
2018-05-01,24802.355393,1462960.500846
2018-06-01,24678.021897,1539371.850050
2018-07-01,28310.511475,1777322.176657
2018-08-01,30032.371905,2004142.128843
2018-09-01,25749.388663,1867585.088345
2018-10-01,26301.789750,1651498.870107
2018-11-01,23993.288580,1513962.694161
2018-12-01,23438.055273,1509445.420747
2019-01-01,24900.407339,1589591.248944
2019-02-01,22172.376043,1479400.525377
2019-03-01,24423.314285,1492774.943201
2019-04-01,24409.224053,1449129.630120
2019-05-01,25038.544122,1414010.963376
2019-06-01,24472.401974,1476071.623123
2019-07-01,26710.602060,1623799.187285
2019-08-01,27560.649102,1742940.627778
2019-09-01,27331.933765,1857841.413093
2019-10-01,26444.958537,1615349.760597
2019-11-01,24591.770190,1515498.747087
2019-12-01,23937.519730,1513555.805198
