YEAR,MONTH,COUNTY_NUM,COUNTY_NAME,RNR,GWH,date
2018,January,37,SAN DIEGO,Non-Residential,25.7634624987157,2018-01-01
2018,January,37,SAN DIEGO,Non-Residential,684.953370429562,2018-01-01
2018,January,37,SAN DIEGO,Non-Residential,119.123125573837,2018-01-01
2018,January,37,SAN DIEGO,Non-Residential,37.4878604538041,2018-01-01
2018,January,37,SAN DIEGO,Residential,566.980506875351,2018-01-01
2018,January,37,SAN DIEGO,Non-Residential,5.717357,2018-01-01
2018,January,37,SAN DIEGO,Non-Residential,151.579019668649,2018-01-01
2018,February,37,SAN DIEGO,Non-Residential,24.2907299715219,2018-02-01
2018,February,37,SAN DIEGO,Non-Residential,654.38371861055,2018-02-01
2018,February,37,SAN DIEGO,Non-Residential,120.491269899605,2018-02-01
2018,February,37,SAN DIEGO,Non-Residential,30.9422260092221,2018-02-01
2018,February,37,SAN DIEGO,Residential,496.375507055205,2018-02-01
2018,February,37,SAN DIEGO,Non-Residential,5.722789,2018-02-01
2018,February,37,SAN DIEGO,Non-Residential,145.841720805141,2018-02-01
2018,March,37,SAN DIEGO,Non-Residential,22.2104719392874,2018-03-01
2018,March,37,SAN DIEGO,Non-Residential,645.406732612152,2018-03-01
2018,March,37,SAN DIEGO,Non-Residential,120.070171847422,2018-03-01
2018,March,37,SAN DIEGO,Non-Residential,31.9310155974735,2018-03-01
2018,March,37,SAN DIEGO,Residential,512.189948452129,2018-03-01
2018,March,37,SAN DIEGO,Non-Residential,5.714637,2018-03-01
2018,March,37,SAN DIEGO,Non-Residential,134.487896258525,2018-03-01
2018,April,37,SAN DIEGO,Non-Residential,24.6618037801888,2018-04-01
2018,April,37,SAN DIEGO,Non-Residential,665.563550214854,2018-04-01
2018,April,37,SAN DIEGO,Non-Residential,122.066572796911,2018-04-01
2018,April,37,SAN DIEGO,Non-Residential,28.6109605364629,2018-04-01
2018,April,37,SAN DIEGO,Residential,474.046966178514,2018-04-01
2018,April,37,SAN DIEGO,Non-Residential,5.700257,2018-04-01
2018,April,37,SAN DIEGO,Non-Residential,144.900526437399,2018-04-01
2018,May,37,SAN DIEGO,Non-Residential,29.4682135148413,2018-05-01
2018,May,37,SAN DIEGO,Non-Residential,664.776049638512,2018-05-01
2018,May,37,SAN DIEGO,Non-Residential,121.452310395628,2018-05-01
2018,May,37,SAN DIEGO,Non-Residential,34.4111717472909,2018-05-01
2018,May,37,SAN DIEGO,Residential,455.598531344345,2018-05-01
2018,May,37,SAN DIEGO,Non-Residential,5.767669,2018-05-01
2018,May,37,SAN DIEGO,Non-Residential,151.486555205622,2018-05-01
2018,June,37,SAN DIEGO,Non-Residential,32.5064259437718,2018-06-01
2018,June,37,SAN DIEGO,Non-Residential,693.758293974935,2018-06-01
2018,June,37,SAN DIEGO,Non-Residential,124.22412227357,2018-06-01
2018,June,37,SAN DIEGO,Non-Residential,36.6546037547246,2018-06-01
2018,June,37,SAN DIEGO,Residential,493.386222012672,2018-06-01
2018,June,37,SAN DIEGO,Non-Residential,5.736432,2018-06-01
2018,June,37,SAN DIEGO,Non-Residential,153.105750089867,2018-06-01
2018,July,37,SAN DIEGO,Non-Residential,36.1280546387098,2018-07-01
2018,July,37,SAN DIEGO,Non-Residential,776.848625555699,2018-07-01
2018,July,37,SAN DIEGO,Non-Residential,134.070400618924,2018-07-01
2018,July,37,SAN DIEGO,Non-Residential,37.360028169,2018-07-01
2018,July,37,SAN DIEGO,Residential,621.412835672032,2018-07-01
2018,July,37,SAN DIEGO,Non-Residential,5.761207,2018-07-01
2018,July,37,SAN DIEGO,Non-Residential,165.741025002957,2018-07-01
2018,August,37,SAN DIEGO,Non-Residential,36.1868772825739,2018-08-01
2018,August,37,SAN DIEGO,Non-Residential,830.387208146101,2018-08-01
2018,August,37,SAN DIEGO,Non-Residential,136.870985840071,2018-08-01
2018,August,37,SAN DIEGO,Non-Residential,39.6079720672829,2018-08-01
2018,August,37,SAN DIEGO,Residential,789.609884076903,2018-08-01
2018,August,37,SAN DIEGO,Non-Residential,5.75957,2018-08-01
2018,August,37,SAN DIEGO,Non-Residential,165.719631430049,2018-08-01
2018,September,37,SAN DIEGO,Non-Residential,34.7853823328529,2018-09-01
2018,September,37,SAN DIEGO,Non-Residential,816.327780333778,2018-09-01
2018,September,37,SAN DIEGO,Non-Residential,133.863221156784,2018-09-01
2018,September,37,SAN DIEGO,Non-Residential,39.5424518541718,2018-09-01
2018,September,37,SAN DIEGO,Residential,667.799512535428,2018-09-01
2018,September,37,SAN DIEGO,Non-Residential,5.720502,2018-09-01
2018,September,37,SAN DIEGO,Non-Residential,169.546238131489,2018-09-01
2018,October,37,SAN DIEGO,Non-Residential,30.8551820865237,2018-10-01
2018,October,37,SAN DIEGO,Non-Residential,748.168725941609,2018-10-01
2018,October,37,SAN DIEGO,Non-Residential,128.27335279785,2018-10-01
2018,October,37,SAN DIEGO,Non-Residential,33.6256282283649,2018-10-01
2018,October,37,SAN DIEGO,Residential,540.014236496978,2018-10-01
2018,October,37,SAN DIEGO,Non-Residential,5.753442,2018-10-01
2018,October,37,SAN DIEGO,Non-Residential,164.808302555881,2018-10-01
2018,November,37,SAN DIEGO,Non-Residential,27.8555612745485,2018-11-01
2018,November,37,SAN DIEGO,Non-Residential,688.296457913137,2018-11-01
2018,November,37,SAN DIEGO,Non-Residential,124.315400170394,2018-11-01
2018,November,37,SAN DIEGO,Non-Residential,37.3465092792962,2018-11-01
2018,November,37,SAN DIEGO,Residential,476.732212809838,2018-11-01
2018,November,37,SAN DIEGO,Non-Residential,5.733125,2018-11-01
2018,November,37,SAN DIEGO,Non-Residential,153.683427713422,2018-11-01
2018,December,37,SAN DIEGO,Non-Residential,21.8294599481813,2018-12-01
2018,December,37,SAN DIEGO,Non-Residential,656.597205467701,2018-12-01
2018,December,37,SAN DIEGO,Non-Residential,116.650487764679,2018-12-01
2018,December,37,SAN DIEGO,Non-Residential,35.5971140155634,2018-12-01
2018,December,37,SAN DIEGO,Residential,520.194437429719,2018-12-01
2018,December,37,SAN DIEGO,Non-Residential,5.70023,2018-12-01
2018,December,37,SAN DIEGO,Non-Residential,152.876486121281,2018-12-01
2019,January,37,SAN DIEGO,Non-Residential,19.2383659002328,2019-01-01
2019,January,37,SAN DIEGO,Non-Residential,661.242631978876,2019-01-01
2019,January,37,SAN DIEGO,Non-Residential,115.544070643849,2019-01-01
2019,January,37,SAN DIEGO,Non-Residential,30.5734931692362,2019-01-01
2019,January,37,SAN DIEGO,Residential,595.684116645221,2019-01-01
2019,January,37,SAN DIEGO,Non-Residential,6.03183065524221,2019-01-01
2019,January,37,SAN DIEGO,Non-Residential,161.276739951251,2019-01-01
2019,February,37,SAN DIEGO,Non-Residential,17.0226017655748,2019-02-01
2019,February,37,SAN DIEGO,Non-Residential,626.806205558774,2019-02-01
2019,February,37,SAN DIEGO,Non-Residential,119.40628238927,2019-02-01
2019,February,37,SAN DIEGO,Non-Residential,22.9548854459454,2019-02-01
2019,February,37,SAN DIEGO,Residential,536.713884646825,2019-02-01
2019,February,37,SAN DIEGO,Non-Residential,6.02139688528753,2019-02-01
2019,February,37,SAN DIEGO,Non-Residential,150.475268685273,2019-02-01
2019,March,37,SAN DIEGO,Non-Residential,17.3176032174852,2019-03-01
2019,March,37,SAN DIEGO,Non-Residential,640.144700552987,2019-03-01
2019,March,37,SAN DIEGO,Non-Residential,117.245079181581,2019-03-01
2019,March,37,SAN DIEGO,Non-Residential,27.2650255019921,2019-03-01
2019,March,37,SAN DIEGO,Residential,539.647860629582,2019-03-01
2019,March,37,SAN DIEGO,Non-Residential,6.03051239302166,2019-03-01
2019,March,37,SAN DIEGO,Non-Residential,145.124161724809,2019-03-01
2019,April,37,SAN DIEGO,Non-Residential,23.3164476375917,2019-04-01
2019,April,37,SAN DIEGO,Non-Residential,650.680359323436,2019-04-01
2019,April,37,SAN DIEGO,Non-Residential,122.660347239272,2019-04-01
2019,April,37,SAN DIEGO,Non-Residential,29.1772930078141,2019-04-01
2019,April,37,SAN DIEGO,Residential,459.117486395431,2019-04-01
2019,April,37,SAN DIEGO,Non-Residential,6.01361129643348,2019-04-01
2019,April,37,SAN DIEGO,Non-Residential,158.164085220376,2019-04-01
2019,May,37,SAN DIEGO,Non-Residential,25.2597830966208,2019-05-01
2019,May,37,SAN DIEGO,Non-Residential,636.502272819136,2019-05-01
2019,May,37,SAN DIEGO,Non-Residential,120.82964881103,2019-05-01
2019,May,37,SAN DIEGO,Non-Residential,32.1035260510072,2019-05-01
2019,May,37,SAN DIEGO,Residential,442.068123334941,2019-05-01
2019,May,37,SAN DIEGO,Non-Residential,5.99354700633376,2019-05-01
2019,May,37,SAN DIEGO,Non-Residential,151.254062257177,2019-05-01
2019,June,37,SAN DIEGO,Non-Residential,26.1793124178053,2019-06-01
2019,June,37,SAN DIEGO,Non-Residential,669.495539533572,2019-06-01
2019,June,37,SAN DIEGO,Non-Residential,123.459388233196,2019-06-01
2019,June,37,SAN DIEGO,Non-Residential,35.286650619498,2019-06-01
2019,June,37,SAN DIEGO,Residential,467.539705347403,2019-06-01
2019,June,37,SAN DIEGO,Non-Residential,5.96587515636154,2019-06-01
2019,June,37,SAN DIEGO,Non-Residential,148.145151815333,2019-06-01
2019,July,37,SAN DIEGO,Non-Residential,32.5303672610538,2019-07-01
2019,July,37,SAN DIEGO,Non-Residential,717.460955690424,2019-07-01
2019,July,37,SAN DIEGO,Non-Residential,126.740508876299,2019-07-01
2019,July,37,SAN DIEGO,Non-Residential,33.3963683261946,2019-07-01
2019,July,37,SAN DIEGO,Residential,538.852000164655,2019-07-01
2019,July,37,SAN DIEGO,Non-Residential,6.00774481761273,2019-07-01
2019,July,37,SAN DIEGO,Non-Residential,168.811242148785,2019-07-01
2019,August,37,SAN DIEGO,Non-Residential,34.383723398028,2019-08-01
2019,August,37,SAN DIEGO,Non-Residential,746.956591206957,2019-08-01
2019,August,37,SAN DIEGO,Non-Residential,132.704893068244,2019-08-01
2019,August,37,SAN DIEGO,Non-Residential,39.3612694272819,2019-08-01
2019,August,37,SAN DIEGO,Residential,619.998277184204,2019-08-01
2019,August,37,SAN DIEGO,Non-Residential,6.04018318162681,2019-08-01
2019,August,37,SAN DIEGO,Non-Residential,163.495690311602,2019-08-01
2019,September,37,SAN DIEGO,Non-Residential,35.3632812835451,2019-09-01
2019,September,37,SAN DIEGO,Non-Residential,800.267559051165,2019-09-01
2019,September,37,SAN DIEGO,Non-Residential,135.386946568994,2019-09-01
2019,September,37,SAN DIEGO,Non-Residential,40.1093908118567,2019-09-01
2019,September,37,SAN DIEGO,Residential,667.419181343558,2019-09-01
2019,September,37,SAN DIEGO,Non-Residential,5.99748059906906,2019-09-01
2019,September,37,SAN DIEGO,Non-Residential,173.297573434611,2019-09-01
2019,October,37,SAN DIEGO,Non-Residential,30.832534745575,2019-10-01
2019,October,37,SAN DIEGO,Non-Residential,716.610664768445,2019-10-01
2019,October,37,SAN DIEGO,Non-Residential,129.920343547539,2019-10-01
2019,October,37,SAN DIEGO,Non-Residential,38.0800677298358,2019-10-01
2019,October,37,SAN DIEGO,Residential,534.001802038905,2019-10-01
2019,October,37,SAN DIEGO,Non-Residential,5.95657102268267,2019-10-01
2019,October,37,SAN DIEGO,Non-Residential,159.947776744394,2019-10-01
2019,November,37,SAN DIEGO,Non-Residential,29.7979516758934,2019-11-01
2019,November,37,SAN DIEGO,Non-Residential,683.283126207732,2019-11-01
2019,November,37,SAN DIEGO,Non-Residential,127.798729872925,2019-11-01
2019,November,37,SAN DIEGO,Non-Residential,37.4331182920261,2019-11-01
2019,November,37,SAN DIEGO,Residential,476.795821024131,2019-11-01
2019,November,37,SAN DIEGO,Non-Residential,6.09148519981144,2019-11-01
2019,November,37,SAN DIEGO,Non-Residential,154.29851481459,2019-11-01
2019,December,37,SAN DIEGO,Non-Residential,19.7343211894006,2019-12-01
2019,December,37,SAN DIEGO,Non-Residential,648.729319973744,2019-12-01
2019,December,37,SAN DIEGO,Non-Residential,116.420293927161,2019-12-01
2019,December,37,SAN DIEGO,Non-Residential,33.0321287942596,2019-12-01
2019,December,37,SAN DIEGO,Residential,533.172769154063,2019-12-01
2019,December,37,SAN DIEGO,Non-Residential,6.02998890304018,2019-12-01
2019,December,37,SAN DIEGO,Non-Residential,156.436983255841,2019-12-01
