YEAR,COUNTY_NUM,COUNTY_NAME,SECTOR,RNR,GWH
2017,37,SAN DIEGO,Agriculture and Water Pumping,Non-Residential,324.481876492954
2017,37,SAN DIEGO,Commercial,Non-Residential,8515.64185287213
2017,37,SAN DIEGO,Industrial,Non-Residential,1521.39986564831
2017,37,SAN DIEGO,Mining,Non-Residential,347.828424408955
2017,37,SAN DIEGO,Residential,Residential,6651.99233168506
2017,37,SAN DIEGO,Streetlighting,Non-Residential,67.030697
2017,37,SAN DIEGO,"Transportation, Communications, & Utilities",Non-Residential,1765.16161908373
2018,37,SAN DIEGO,Agriculture and Water Pumping,Non-Residential,346.541625211717
2018,37,SAN DIEGO,Commercial,Non-Residential,8525.46771883859
2018,37,SAN DIEGO,Industrial,Non-Residential,1501.47142113567
2018,37,SAN DIEGO,Mining,Non-Residential,423.117541712657
2018,37,SAN DIEGO,Residential,Residential,6614.34080093911
2018,37,SAN DIEGO,Streetlighting,Non-Residential,68.787217
2018,37,SAN DIEGO,"Transportation, Communications, & Utilities",Non-Residential,1853.77657942028
2019,37,SAN DIEGO,Agriculture and Water Pumping,Non-Residential,310.976293588807
2019,37,SAN DIEGO,Commercial,Non-Residential,8198.17992666525
2019,37,SAN DIEGO,Industrial,Non-Residential,1488.11653235936
2019,37,SAN DIEGO,Mining,Non-Residential,398.773217176948
2019,37,SAN DIEGO,Residential,Residential,6411.01102790892
2019,37,SAN DIEGO,Streetlighting,Non-Residential,72.1802271165231
2019,37,SAN DIEGO,"Transportation, Communications, & Utilities",Non-Residential,1890.72725036404
